,PRICE,NAME,BRAND
0,ab 649.-,Esstisch Kapal mit Massivholzplatte,Westwing Collection
1,ab 1999.-,Großes Ecksofa Tribeca,Westwing Collection
2,2499.-,Modulares Ecksofa Lennon,Westwing Collection
3,199.-,"Polyrattan-Armlehnstühle Costa, 2 Stück",Westwing Collection
4,ab 1999.-,Großes Ecksofa Tribeca,Westwing Collection
5,ab 1299.-,Ecksofa Cucita (3-Sitzer),Westwing Collection
6,ab 1299.-,Ecksofa Cucita (3-Sitzer),Westwing Collection
7,2499.-,Loungesessel Bahia aus Kunststoff-Geflecht,Westwing Collection
8,ab 119.-,Modulares Ecksofa Lennon,f.a.n.frankenstolz
9,179.-,Lattenrost Comfort Plus,Westwing Collection
10,1599.-,Couchtisch Antigua mit marmorierter Glasplatte,Westwing Collection
11,279.-,Modulares Sofa Lennon (3-Sitzer),Westwing Collection
12,ab 1399.-,Runder Couchtisch Clarice in Walnussfarben,Westwing Collection
13,ab 1399.-,Ecksofa Cucita (4-Sitzer),Westwing Collection
14,199.-,Ecksofa Cucita (4-Sitzer),Westwing Collection
15,ab 1299.-,"Polyrattan-Armlehnstühle Costa, 2 Stück",Westwing Collection
16,79.-,Ecksofa Marshmallow (3-Sitzer),Westwing Collection
17,ab 1949.-,Metall-Regal Newton in Schwarz,Westwing Collection
18,ab 1999.-,Premium Boxspringbett Phoebe,Westwing Collection
19,2499.-,Ecksofa Emma,Westwing Collection
20,ab 1599.-,Modulares Ecksofa Lennon,Westwing Collection
21,ab 1299.-,Ovaler Massivholz Esstisch Luca,Westwing Collection
22,ab 1999.-,Ecksofa Marshmallow (4-Sitzer),Westwing Collection
23,ab 744.-,Ecksofa Cucita (3-Sitzer),Dutchbone
24,ab 1299.-,Ecksofa Emma,Westwing Collection
25,999.-,Fischgrät-Esstisch Class mit Akazienholzfurnier,Westwing Collection
26,ab 1299.-,Ecksofa Marshmallow (3-Sitzer),Westwing Collection
27,169.-,Sofa Moby (3-Sitzer),Westwing Collection
28,ab 649.-,Samt-Ecksofa Fluente,Westwing Collection
29,ab 799.-,Beistelltisch Lesley in Marmoroptik,Westwing Collection
30,99.-,Esstisch Oliver mit Massivholzplatte,Westwing Collection
31,99.-,Samt-Polsterbett Dusk,Westwing Collection
32,299.-,Loungesessel Bahia aus Kunststoff-Geflecht,Westwing Collection
33,ab 1899.-,Loungesessel Bahia aus Kunststoff-Geflecht,Westwing Collection
34,499.-,Marmor-Couchtisch Alys,Westwing Collection
35,179.-,Ecksofa Brooks,Westwing Collection
36,159.-,Teddy-Schaukelstuhl Wing,Westwing Collection
37,ab 1949.-,Runder Esstisch Mallorca in Weiß,Westwing Collection
38,ab 2199.-,Couchtisch Antigua mit marmorierter Glasplatte,Westwing Collection
39,199.-,Premium Boxspringbett Violet,Westwing Collection
40,ab 1599.-,Modulare XL-Ottomane Lennon,Westwing Collection
41,119.-,"Polyrattan-Armlehnstühle Costa, 2 Stück",Westwing Collection
42,ab 649.-,Ecksofa Marshmallow (4-Sitzer),Westwing Collection
43,ab 1399.-,Kunststoff-Armlehnstuhl Claire mit Holzbeinen,Westwing Collection
44,ab 649.-,Samt-Polsterbett Peace,Westwing Collection
45,169.-,Ecksofa Moby,Westwing Collection
46,ab 1699.-,Esstisch Oliver mit Massivholzplatte,Westwing Collection
47,199.-,Premium Boxspringbett Eliza,Westwing Collection
48,599.-,Beistelltisch Lesley in Marmoroptik,Westwing Collection
49,ab 1299.-,Samt-Ecksofa Luna,Westwing Collection
50,699.-,"Polyrattan-Armlehnstühle Costa, 2 Stück",Westwing Collection
51,ab 999.-,Sideboard Finn mit Eichenholzfurnier,Westwing Collection
52,1599.-,Cord-Ecksofa Marshmallow (3-Sitzer),Westwing Collection
53,199.-,Klassisches Sideboard Sanford in Weiß,Westwing Collection
54,ab 799.-,Ecksofa Fluente,Westwing Collection
55,999.-,Modulares Sofa Lennon (3-Sitzer),Dutchbone
56,999.-,Polster-Drehstuhl Lola mit Armlehne,Zago
57,159.-,Samt-Polsterbett Dusk,Westwing Collection
58,ab 1399.-,Fischgrät-Lowboard Class mit Akazienholzfurnier,Westwing Collection
59,179.-,Design-Sideboard Linea mit Eichenholzfurnier,Westwing Collection
60,149.-,Klassischer Polsterstuhl Cleo,Westwing Collection
61,ab 1099.-,Couchtisch Antigua mit marmorierter Glasplatte,Westwing Collection
62,ab 1099.-,Ecksofa Moby,Westwing Collection
63,139.-,Couchtisch Antigua mit marmorierter Glasplatte,Westwing Collection
64,ab 559.-,Metallregal Seaford Zig,Westwing Collection
65,ab 1399.-,Ecksofa Carrie,Westwing Collection
66,1199.-,Ecksofa Carrie,Westwing Collection
67,199.-,Samt-Polsterstuhl Rachel,Westwing Collection
68,ab 1549.-,Polsterbett Moon,Westwing Collection
69,ab 1949.-,Ecksofa Cucita (4-Sitzer),Westwing Collection
70,ab 1849.-,Leder-Sofa Hunter (3-Sitzer),Westwing Collection
71,199.-,Polster-Drehstuhl Lola mit Armlehne,Westwing Collection
72,1299.-,Basic Boxspringbett Fendy mit Bettkasten,Kare Design
73,299.-,Premium Boxspringbett Phoebe,Westwing Collection
74,ab 699.-,Premium Boxspringbett Eliza,Westwing Collection
75,139.-,Moderner Samt-Polsterstuhl Isla mit Armlehne,Westwing Collection
76,1599.-,Sofa Brooks (3-Sitzer),Westwing Collection
77,299.-,Metall-Couchtisch 2er-Set Wire mit Glasplatte,Westwing Collection
78,179.-,Polsterbett Dream,Westwing Collection
79,ab 649.-,Schreibtisch Pascal mit weißer Platte,Westwing Collection
80,ab 1999.-,Modulares Sofa Lennon (3-Sitzer),Westwing Collection
81,ab 2999.-,Marmor-Couchtisch Alys,Bloomingville
82,ab 1999.-,Couchtisch Antigua mit marmorierter Glasplatte,Westwing Collection
83,329.-,Esstisch Oliver mit Massivholzplatte,Westwing Collection
84,699.-,Ecksofa Emma,Westwing Collection
85,ab 1599.-,XL-Ecksofa Tribeca,Zago
86,129.-,Premium Samt-Boxspringbett Phoebe,Westwing Collection
87,179.-,Garten-Loungesessel Mundo mit Kunststoff-Geflecht,Westwing Collection
88,2499.-,Schubladenkommode Vienna mit Wiener Geflecht,Westwing Collection
89,1499.-,Samt-Ecksofa Moby,Dutchbone
90,139.-,Sideboard Louis aus massiven Mangoholz,Westwing Collection
91,1169.-,Holzbank Lawas,Westwing Collection
92,899.-,Metall-Konsole Expo in Schwarz,
